tenure_group,churned_count,customer_count,churn_rate
0-12,1037,2175,0.4767816091954023
12-24,294,1024,0.287109375
24-48,325,1594,0.2038895859473024
48+,213,2239,0.09513175524787852
