multiple_services_flag,churned_count,customer_count,churn_rate
0,858,3718,0.23076923076923078
1,1011,3314,0.3050694025347013
