multiple_services_flag,churned_count,customer_count,churn_rate
0,190,1819,0.10445299615173172
1,1679,5213,0.3220794168425091
